{
  "Engine": {
    "MarketDataFile": "data/day1.csv",
    "MatchEventsFile": "match_events.csv",
    "Speed": 1.0,
    "TickInterval": 0.25
  },
  "Execution": {
    "ListenAddress": "localhost",
    "Port": 12345
  },
  "Fees": {
    "Maker": -0.0001,
    "Taker": 0.0002
  },
  "Information": {
    "AllowBroadcast": false,
    "Host": "239.255.1.1",
    "Interface": "0.0.0.0",
    "Port": 12346
  },
  "Instrument": {
    "EtfClamp": 0.002,
    "TickSize": 1.00
  },
  "Limits": {
    "ActiveOrderCountLimit": 10,
    "ActiveVolumeLimit": 200,
    "MessageFrequencyInterval": 1.0,
    "MessageFrequencyLimit": 20,
    "PositionLimit": 100
  },
  "Traders": {
    "TraderOne": "secret",
    "ExampleOne": "qwerty",
    "ExampleTwo": "12345"
  }
}
